"","x"
"1","GTACCTTGTGTGCACG-1"
"2","TGACTTCGTTAGCGTA-1"
"3","TGGCTATAGCCTCTCG-1"
"4","CCGTTTGGTTTGCAGA-1"
"5","TGTATCCGTGCTCCAC-1"
"6","GCGGATACACGTAAGG-1"
"7","TTTAAGGTCTGTTCAT-1"
"8","TTGACGTAGTGCTGTG-1"
"9","CTCTAAGCAAACGCGA-1"
"10","AGAGGATGTGAAACAA-1"
"11","AGTGATGAGTCACCTC-1"
"12","CCGCTTAGTTGCATCT-1"
"13","TATCACGCAGCAAATA-1"
"14","GTATTGCAGCACTAGT-1"
"15","GGCAAATCACTCAACA-1"
"16","CTGTTGGAGTTCCTCA-1"
"17","TCAACAATCAAGTGTC-1"
"18","GGTTTCCTCCTTGCGT-1"
"19","TGTTCATTCAAGCTAC-1"
"20","TGTTGTTTCACGTTAA-1"
"21","TTGGATTCACCATATG-1"
"22","GCTGACCAGGCGCACT-1"
"23","GGTATTGGTGGGAACA-1"
"24","ATGCTTAAGTATTGCA-1"
"25","CTGTGTGAGACTTACA-1"
"26","CATCAATCACTAAATC-1"
"27","AAGCGCTGTTAAGCCA-1"
"28","TAATGGTGTTCGGGAT-1"
"29","TAGGAGTCAGGATTAA-1"
"30","GTGCATTAGTTAGCCG-1"
"31","CGTGTTACATCACAGC-1"
"32","TTGTTCCCAATAATCC-1"
"33","TCCAGGTCATCATGTG-1"
"34","CCCGCAACAAATTGCT-1"
"35","ATAACGACACACCAAC-1"
"36","ACCATTAAGGACTTAC-1"
"37","AGTTATGTCTAACCTT-1"
"38","AGAAAGGCACAGAACG-1"
"39","TTTGGTGCAATTATGC-1"
"40","TGGCCTTTCTACTAAG-1"
"41","TTGGCTGAGCCTCTCG-1"
"42","TTGTTTGGTTTATCGC-1"
"43","TGACTTCGTTAGGACC-1"
"44","AAAGCCGCATAGACTT-1"
"45","GTATTGATCTCAATTC-1"
"46","CCCAAATAGTTAGTTG-1"
"47","TGAGGCACAATTAGCT-1"
"48","TATTCGTTCCCTCTAA-1"
"49","GGACCGAAGTTGCGTG-1"
"50","CCCTGTTAGCACTTGG-1"
"51","ACGCCTAAGAGGCTAA-1"
"52","CATTGTAAGCCAGTAT-1"
"53","GTGTTACAGGCTGTGC-1"
"54","GAGAAACGTGAATCGC-1"
"55","AAGCTAGAGGATCACT-1"
"56","AGGATTGAGGTGCGGA-1"
"57","AATAGAGGTAAGCTTG-1"
"58","GGTTGCTCATAGCTGC-1"
"59","TGGACGGAGGCGCATC-1"
"60","CGTAGTTAGGCTAGAA-1"
"61","CCGACAGGTTCAAGAT-1"
"62","ACAAAGGTCAGTTCCC-1"
"63","AATTGTGTCCTTCGTA-1"
"64","TTTACGAAGTCTGGGC-1"
"65","TTCCCGCCACAAACTT-1"
"66","GGTTAGCGTGCTTAGA-1"
"67","CGGGTCTAGTAACGGA-1"
"68","GCCAATAGTGAGGTAG-1"
"69","AATCCATCACTTAACG-1"
"70","GAACACAAGCAGGCCT-1"
"71","CTGGTCAAGCTCAATA-1"
"72","AACATAGCAGGCTAAG-1"
"73","GCCAATTAGTCATGCG-1"
"74","TTTCAGTTCATCCTGC-1"
"75","AGGAACCAGGCATTAC-1"
"76","TCGACAAGTGCGCGTA-1"
"77","AAGTCTATCCCTTGCG-1"
"78","ACCACATAGGGACTAA-1"
"79","AACCTTGCATCCCTCA-1"
"80","CGTGAGGAGGAGCAAC-1"
"81","TTGTCCGGTCACAGAC-1"
"82","AGCCAGTGTTCCTCCT-1"
"83","CGTGTTACAATCCTGA-1"
"84","GGTACAAAGGCTGGCT-1"
"85","GTATCGCCACAATGTT-1"
"86","CACATACAGAACCTGT-1"
"87","CGTTATCGTAGGTGTC-1"
"88","GCTGACCAGGAGGACT-1"
"89","GGTTATATCAAGCCTG-1"
"90","GCGTTTCTCCTAAGGT-1"
"91","GTCCTCAGTTAGAGGG-1"
"92","GCCTGACAGCCGCAGT-1"
"93","ACGGTTAGTTGTAAAC-1"
"94","GTATTGTCATGGTTAT-1"
"95","GTGAATCTCACTAGGT-1"
"96","GAGGCCTTCCACCTGT-1"
"97","TCCATCATCTTGTCCA-1"
"98","CAGGACACAGGGAGGA-1"
"99","CTACTAAAGCCTTAAA-1"
"100","ATTGACTCATTAGCGC-1"
"101","ACGTTGTAGGCAGGTG-1"
"102","CGATCCTTCTCTAGCC-1"
"103","TGACCTTGTAAATTGC-1"
"104","AGAAACCCACGTGCTG-1"
"105","CGTGTGTCACAGCCTG-1"
"106","GCCCTCATCGCACACA-1"
"107","AAACGGATCATTCATC-1"
"108","CAATCTAAGGTGTTAC-1"
"109","TGACTTAAGGTTTGAC-1"
"110","AGCTAAACACTAAGCC-1"
"111","TCAAACCAGGAGGTTA-1"
"112","TGCTTAAAGTATCGCG-1"
"113","CCGGTTAAGGAGCATA-1"
"114","GGACTAAAGGCTTAAC-1"
"115","GGACAGCCAGATTCAT-1"
"116","ACATTAGTCGACCTGA-1"
"117","AGGGCTACAGTTTACG-1"
"118","GTTACGTAGTTATCTC-1"
"119","ACTAACTCAATTTGGT-1"
"120","CCATAATCAAACCTAT-1"
"121","TTTACGAAGCTTAACA-1"
"122","CCAACATAGTTTAACG-1"
"123","GCTGTGCAGGATTGCT-1"
"124","GGGAGTAGTACCCACC-1"
"125","AAGCGCTGTAGCTGCG-1"
"126","TTATGACCAGGCATGA-1"
"127","AATGTCATCGCTCACT-1"
"128","ATGACCAGTCGCAATA-1"
"129","GTGCCTTTCCTGCGAA-1"
"130","TCTACTAGTATTCGTC-1"
"131","GTCATGCCAATAACGA-1"
"132","AAACGGATCCACCCTG-1"
"133","AAAGGTTAGCGATAAG-1"
"134","TGTGAAACACAAGCCT-1"
"135","AGTTGCGTCTGCAAAC-1"
"136","AGCACTAGTGTGTCCC-1"
"137","AGGTCATTCCACCCTG-1"
"138","TGTTCCTCAACCTGGT-1"
"139","TAGGCTGTCAAGTGTC-1"
"140","CATAAGCTCTAGCGTG-1"
"141","AGTCTTGCAGAAACGT-1"
"142","TGGTTGAGTGATCAGC-1"
"143","CAGGGCTTCCAATTAG-1"
"144","ATTGCTCGTCCAAGAC-1"
"145","ATTAGGTGTTTGGCTT-1"
"146","CCTGGATCATTGTGTG-1"
"147","AGCTAAACATTAAGTC-1"
"148","GTGCTCCGTACGTTTC-1"
"149","CAACAGGCACAAAGGT-1"
"150","CGCTAACCAGCTAACC-1"
"151","CCTTCGTAGTTAGTTG-1"
"152","CATTGTGCAGTCTAAT-1"
"153","CCAGGATGTTAACACG-1"
"154","CTATTCAGTGTGCACG-1"
"155","ATGACGAAGGAGGGTT-1"
"156","TCTTAGTTCCGCAACA-1"
"157","GTAAAGCCAATCTCTC-1"
"158","CTTCATCCAAATACCT-1"
"159","TTTCACCCATTAAGCT-1"
"160","GGGCTAACAGGACCAA-1"
"161","GGTTTAATCACATTGA-1"
"162","GTTACGCCAATTGAGA-1"
"163","CAACCCTTCTCGACCT-1"
"164","ACCGAAGCATAATTGC-1"
"165","GTAAAGCCATCCTGAA-1"
"166","GTTCACCTCGGTAACT-1"
"167","TCATGTTTCAGGTCCA-1"
"168","GGCTTCAAGGAAGCAC-1"
"169","GAGAAACGTGCTTTAC-1"
"170","GCAAGTGCACGCAACT-1"
"171","CACTTAAAGCACAGAA-1"
"172","CGCTCCATCGGGACCT-1"
"173","CGCTACTTCCCTGATC-1"
"174","TATGGTCAGGAATAAC-1"
"175","CCTGGATCAGTTTGGC-1"
"176","TCAGGAGCAAACAACA-1"
"177","CATAAGCTCTTAATGG-1"
"178","TCCACAACAGGGAGGA-1"
"179","CATAATCCAATTATGC-1"
"180","GCGGTTGGTAAGGTTT-1"
"181","CAGGACCTCACGTTAA-1"
"182","AATCAGGAGTATTGCA-1"
"183","CTCCATCAGTATTGTG-1"
"184","GCCTTAACAACCCTAA-1"
"185","CCTAAGCCAAATGCCC-1"
"186","GAACACAAGCTTAGTA-1"
"187","TGAGGTGCAACAGCCT-1"
"188","ACCCAGGGTAGCCATA-1"
"189","TTGCAAGGTAGTTGGC-1"
"190","GTGCACGGTCAAGTAT-1"
"191","AGCACTAGTACTGATG-1"
"192","GGTGATTTCCCTGTTA-1"
"193","CATTGCGAGACTTATG-1"
"194","CGTGCTTTCAATCTCT-1"
"195","GCTGAGGAGGCACAGG-1"
"196","TACTAAGTCAGGTTTA-1"
"197","TATGACATCATGAAGG-1"
"198","AGTAAACAGTTATGTG-1"
"199","TAGTAACGTAATCGTG-1"
"200","AAATGGCCACGAACAG-1"
"201","ACTCGCGCAATCCTGA-1"
"202","TTTCTTGCACATTAAC-1"
"203","TTTCTCACAGGCAAGC-1"
"204","ACAGTATGTGGAAGGC-1"
"205","AAGTGCAAGGGTGGAT-1"
"206","CCGCAAGGTGGTGAGA-1"
"207","GTTCTCATCACGCCAA-1"
"208","AGGCAATCAAATTGCT-1"
"209","AGGTCATTCTGCAAGT-1"
"210","AACAGCAAGGAACACA-1"
"211","ACGCAAGCACGAACAG-1"
"212","CTGTATTTCCTAATTC-1"
"213","TAACCGGTCTGGCATG-1"
"214","GACGCAACACGTGCTG-1"
"215","CTGTTAAAGCGCATTG-1"
"216","CGGAGCAAGCCTTAAA-1"
"217","GGTATGTTCGTTAACA-1"
"218","CCAAATCAGCCGCTTT-1"
"219","AAACAGCCAAGGAATC-1"
"220","AGAGGATGTTGCACAA-1"
"221","AGCGCTCAGCCTGTGA-1"
"222","TAAACAGCAGGATAAC-1"
"223","TTGGCGGGTCACCTAT-1"
"224","CGATTTGCATTGCGTA-1"
"225","CTATTCAGTTCATCTA-1"
"226","AGCACTAGTTAAGCGC-1"
"227","GGAGGTTAGCATGTTA-1"
"228","AGCGCCTAGCATGCAT-1"
"229","AAATCCGGTCTCAGCC-1"
"230","AAGCGAGGTCATCCTG-1"
"231","CAATAAGCACCAACCG-1"
"232","CTGGTCAAGTTATGGC-1"
"233","TATATCCTCAGCTAAC-1"
"234","AAGCGTTTCACAGGAA-1"
"235","ACCGCAATCATTACAG-1"
"236","AGGAACCAGGCCATCA-1"
"237","CAACAGGCAGGCCAAA-1"
"238","GAGCGGTCATTATGAC-1"
"239","ACCTTGCTCCCATAAA-1"
"240","CGTAACCCATGGCCCA-1"
"241","GGTTGCATCTCAATTC-1"
"242","GCGTAACGTTCACTGT-1"
"243","TCCGCCATCTAATCTC-1"
"244","GGCAAATCATTATGCG-1"
"245","CCATCATGTCCGTAGG-1"
"246","GCATTAGGTAATGGCC-1"
"247","GACAATACAATTGAGA-1"
"248","GGGTGTTGTCAGGAAG-1"
"249","CGTCATTGTGGAAGGC-1"
"250","CAGGATGCAGAAATTG-1"
"251","GGCTGAGAGGATAAAC-1"
"252","GCTCGATCAAGATTCT-1"
"253","GGTGAGTAGTCTTGAA-1"
"254","AGGATTGAGCACCACA-1"
"255","AGCTAAACAAGACTCC-1"
"256","CTAGTAATCTCTAGCC-1"
"257","GTGTAACTCAATGTCA-1"
"258","GCAAGCCTCTTTAAGG-1"
"259","ATGTAAGCACTCAACA-1"
"260","CTTTGAGCAAAGCGCA-1"
"261","AGCTACTAGAAGGTGC-1"
"262","GCTGATCCAGTTTGTG-1"
"263","ATTGCGCCAGCTACGT-1"
"264","GGAGCAAGTTATAGCG-1"
"265","TCCATAAAGCGAGCGA-1"
"266","ACCTACCTCTAGCTTT-1"
"267","ATCCCGCGTGTTGTAG-1"
"268","TAGCCTCTCATTAGCA-1"
"269","TCCTCAATCCTTTACG-1"
"270","TGCTCTCAGTGAGCAA-1"
"271","AAACGTACACAAGCCT-1"
"272","AGGTTGCGTACCCACC-1"
"273","TAACAAGCAGGCTAAG-1"
"274","AATATCCCATAGCTGC-1"
"275","TCACCTCAGATAAAGC-1"
"276","GCCTTTGGTGCCTCAC-1"
"277","GATAATCGTGAACAAA-1"
"278","CCAAGTTAGTTCCTGC-1"
"279","GCGTAACGTGATTTGG-1"
"280","GAGCTAGCAGCACGTT-1"
"281","GAGGTACAGTAACAGG-1"
"282","CCGATGCAGACAGGCG-1"
"283","TTTGCGGAGTCACCTC-1"
"284","CGAATATGTCAGTAAT-1"
"285","AATAGAGGTAGGATCC-1"
"286","CCGTTTGGTCATGCAA-1"
"287","TAGCCTTGTGCTAGAC-1"
"288","CTTTAGGCATGTTGGC-1"
"289","CGCTTCTAGGTTTGCG-1"
"290","AGGTAACCACATTGCA-1"
"291","AGCTTAATCCCTGATC-1"
"292","GGATAACCACTGACTA-1"
"293","AGCTTTAAGGCTACTG-1"
"294","AAGCGGGTCCTCACAC-1"
"295","TCTTTGTAGGAGGACT-1"
"296","GGCATGGAGCAAGGTA-1"
"297","TATTTGGAGTAACCAC-1"
"298","GTTCTCATCCTCACTA-1"
"299","CGGTGAACAGTTTGTG-1"
"300","TTACCTGTCAGTTCCC-1"
